name;city;income;credit_score;loan_amount;years_employed;points;loan_approved
Jenny Lewis;Hurstfurt;77178.2881173469;564.4668602173781;27781.943953526155;19;47.43878635464231;False
Holly Wood;North Beth;18552.449131397403;421.79410578342254;7364.537830861724;20;45.93113635876061;False
Emily Rios;Bakermouth;96611.25715936959;717.3688682377798;35620.51005315608;27;53.079897112877475;False
Jeffrey Henderson;East Jill;104899.76375320254;700.0336947307424;21343.199481999112;26;55.64486146360446;False
Holly Wood;Nelsonside;-21167.255604358692;578.5989392499903;19268.03898666963;26;49.430262711725625;False
Holly Wood;East Courtneychester;7121.340495661071;759.6538097139659;11639.12183919063;26;45.79921761518736;False
Amy Jones;Wilkersonmouth;69466.87708419935;647.0958711633218;40912.21673433021;41;45.877593921543806;False
Rebecca Rodriguez;Nelsonside;50105.8930511887;420.7280328967979;19734.52225457629;19;53.252963939123504;True
